Federico,Mariño,2006-08-17,77814812Q,984725430,fonsecasosimo@quero-tejero.es,C. Fermín Prat
Rafael,Frutos,2015-02-16,10812909B,758060234,lgisbert@gmail.com,Cañada de Julie Rosell
Esperanza,Bilbao,2020-10-07,93587458K,719952064,gvalera@marco.es,Callejón Roxana Lladó
Marino,Ortega,2008-01-05,35731064N,763717062,ana45@gmail.com,Paseo de Manuel Espejo
Fernanda,Linares,1998-06-14,63993378H,899331014,anastasiaarana@estevez.org,Cañada Lupe Almansa
Serafina,Pino,2020-08-20,61389678X,724884861,cabrerasantiago@hotmail.com,Alameda Nicodemo Ballesteros
Pacífica,Velázquez,1996-05-14,78063648S,625972910,pedro95@yahoo.com,Camino de Valentín Álamo
Lidia,Vicente,1994-11-08,10420634R,672665070,vilaplanabarbara@gil-acero.com,Pasaje de Candelaria Ferreras
Eladio,Planas,1998-12-23,16153436F,646559819,aguilaclaudio@jodar-girona.net,C. de Manuelita Mora
Benjamín,Raya,2008-08-12,01050361C,938685435,alberolabenigna@gmail.com,Cuesta de Celso Mosquera
Olimpia,Carrasco,2011-11-11,66778652S,882137989,mhoyos@llorente.com,Glorieta Mónica Pinto
Herminio,Catalá,2009-12-05,71468574F,991234430,nidiapinilla@cid.com,Ronda Nicodemo Benitez
María Cristina,Manjón,1997-05-11,21902112V,751323198,torremalena@vergara.org,Ronda Azeneth Pareja
Bautista,Ribas,2015-04-15,31642618T,642172739,cdavila@gmail.com,Alameda de Nazario Castells
Vicente,Diego,2003-11-09,37767407G,838782871,sanchezester@gmail.com,Cañada de Dolores Juárez
Natalia,Luján,2010-03-17,95244776M,999881333,candelariavillalba@galvez.es,Vial Gabriel Macias
Paulino,Zapata,2002-01-15,79920944S,970653292,dfranch@iniguez.es,Glorieta de Emiliana Ros
Leoncio,Pareja,2018-01-12,13404016F,807860080,eliseorius@gmail.com,Camino Jennifer Vilar
Guadalupe,Vendrell,2010-11-10,37542731S,868023588,arevaloelvira@yahoo.com,Acceso Lina Llobet
Primitivo,Mancebo,2013-01-15,01021789Z,862016070,arribasanastasia@gmail.com,Urbanización de Juan Pablo Francisco
Lilia,Gomis,1999-08-20,43810647V,869160483,calmaximo@ochoa.net,Avenida Maricela Coca
Octavio,Pomares,1993-09-09,49375678Z,629858291,sosimo84@barba.es,Cuesta Teresa Valdés
Isa,Calderón,2020-07-03,85047243M,652142401,eloybellido@hotmail.com,Calle Reinaldo Bertrán
Leandra,Vigil,1999-04-22,97093263M,770783049,rosruth@gmail.com,Pasadizo de Fernando Noguera
Elisa,Osorio,2004-06-08,95757072E,905863400,nestor63@roman-raya.net,Glorieta Octavio Casals
Daniel,Abascal,2000-04-30,12109068M,838677775,eayllon@yahoo.com,Alameda Clemente Alcántara
Horacio,Méndez,2016-04-22,27043234H,902383065,rodrigovila@rosello-pazos.net,Plaza Nayara Botella
Joel,Carreño,2001-03-10,46064927K,602361886,pastora59@sedano.com,Vial Marciano Bravo
Úrsula,Garzón,2021-05-15,28238721B,992271098,clementeanguita@gmail.com,Paseo Vito Arévalo
Prudencia,Izaguirre,1995-07-13,64562659A,902669442,mneira@gmail.com,Cañada de Pacífica Calvo
Leandra,Beltrán,2007-04-06,75080994R,902071110,oferrero@goni.net,Calle Ester Ramirez
Ceferino,Morcillo,2011-04-09,70437260J,686049806,varribas@gmail.com,Cuesta Adelia Crespo
Gil,Cueto,2014-02-05,06129713Y,674118810,genoveva96@hotmail.com,Vial Clementina Carrasco
Jose Angel,Cañizares,1997-08-28,43717000A,861239927,dieguezraul@miralles.com,Camino de Mónica Pardo
Rufina,Guitart,1995-07-05,77660637X,680710126,cvillalonga@hotmail.com,Alameda de Manu Ferrán
Ramiro,Saavedra,2011-06-28,46141141J,610649434,antoniapalau@aragon.es,Vial Bibiana Galiano
Pepita,Acuña,2000-03-15,91333756C,731783905,morenoalfredo@yahoo.com,Plaza de Hipólito Daza
Quique,Ródenas,2010-10-05,40574941C,880342858,imeldacasal@hotmail.com,Pasaje de Guadalupe Cabrero
Valeria,Nevado,1994-01-03,10502040X,849988775,alonso48@yahoo.com,Callejón de Roque Marquez
Diana,Jáuregui,2000-05-19,33795273Q,975033712,alcides94@cuenca.es,C. Néstor Fábregas
Custodia,Pi,2002-01-21,22760387R,787449545,ricardabermudez@yahoo.com,Pasaje Virgilio Martinez
Joan,Sierra,2015-11-11,97366263H,685296435,abilio10@yahoo.com,Alameda Evelia Tejera
Edmundo,Lamas,1997-04-28,69161519J,996762083,sdonoso@yahoo.com,Cuesta de Carmela Bravo
Odalys,Tomás,2005-07-24,11285313H,736841195,luis43@gmail.com,Plaza de Dafne Saura
Héctor,Zabala,1999-10-10,21100829P,757783441,wsierra@gmail.com,Pasaje de Baldomero Infante
Adela,Ripoll,2011-04-03,01831620S,650795789,jordanalejandro@yahoo.com,Glorieta Jacinta Lillo
Toni,Bernat,2009-11-13,66157281N,945034472,zmiralles@hotmail.com,Paseo Florina Hurtado
Paola,Becerra,2021-02-09,39860946Z,950331389,fidelaanaya@hotmail.com,Alameda de Fausto Amat
Wálter,Álvaro,2022-11-03,99569694A,778085122,salgadoalma@yahoo.com,Calle Casandra Ródenas
Marta,Coll,1998-02-27,41085494L,808345641,guiomarvila@yahoo.com,Avenida Raquel Herrero
Leyre,Ruiz,2017-11-04,41391973T,813289372,doloresvall@yahoo.com,Glorieta de Jose Luis Ruano
Melisa,Cobo,2003-04-29,64858177V,875382986,ezequielcarbo@gmail.com,Glorieta de Tomasa Royo
Emelina,Santamaría,2018-03-22,49199044C,617539191,carreraschelo@gmail.com,Alameda Leyre Peñas
Josué,Dominguez,1995-02-27,92491894Q,918233776,roquegarrido@yahoo.com,Cañada de Obdulia Carranza
Domitila,Guillen,2017-06-24,95325716P,654339027,dcarnero@almagro.es,Pasadizo Sandra Saldaña
Cipriano,Castañeda,2006-07-20,80796563R,823581689,gracielabatalla@ayuso.com,Pasaje de Angelino Ferrán
Eva,Velasco,1995-11-02,92316215B,822193564,rebolloadelina@hotmail.com,Acceso Pastor Barros
Emma,Azorin,2000-11-11,51351763P,700117535,nrey@barrena.com,C. Teófila Mancebo
Reyes,Cisneros,2019-02-24,15230447P,706214838,figuerolacoral@yahoo.com,Cañada de Mamen Bueno
Herminio,Blasco,2011-02-28,71832845G,688545284,alfonsojulia@elias-priego.es,Glorieta Vera Serna
Gabriel,Ayuso,2012-07-11,26469649F,972446374,matildejimenez@arcos.net,Paseo de Consuelo Lumbreras
Lina,Almansa,2003-08-04,41456176X,924575163,leonardo64@hotmail.com,Vial de Marcio Blazquez
Saturnino,Acosta,1998-04-06,59069900N,636715592,salazaralonso@losada.org,Ronda de Dani Sala
Nicolasa,Barrera,2013-11-14,94942449J,741961430,regina78@gmail.com,Alameda Victor Manuel Gabaldón
Claudio,Pulido,1996-05-22,63522729H,803254811,blanca42@zamorano.es,Plaza de Jennifer Ibarra
Roberta,Bas,2016-04-23,45478057L,997248415,estrellacatala@blanes-blanca.org,Plaza Hernán Larrañaga
Ramona,Marcos,1999-06-11,81022357G,886275445,qhigueras@hotmail.com,Acceso Leocadio Pont
Gloria,Pareja,2002-04-03,10735274R,890166401,odieguez@figuerola.net,Cuesta de Azucena Torrecilla
Juan Manuel,Ayala,1996-09-07,19077711Q,988295650,noeliacamps@verdugo.com,Cuesta José Mari Gil
Isabela,Céspedes,2012-07-01,25962992V,849438648,maxima87@gmail.com,Camino de Mercedes Jimenez
Valerio,Barba,2002-04-28,42559282J,788368990,amarilis36@sandoval.es,Glorieta de Marina Torrijos
Martín,Asenjo,1998-01-20,63567780N,743524561,apariciocristina@yahoo.com,Avenida Juan Manuel Cal
Irene,Ojeda,2001-06-21,96948673Q,601187374,herviaesmeralda@cervera-gracia.com,Glorieta Ramón Riba
Rosalinda,Ávila,2022-05-04,99246489V,990689828,kmartin@canas-vives.com,Rambla de Primitiva Paz
Ainara,Rincón,2012-07-03,53283074D,770736516,serramodesta@aranda.es,Rambla de Fabián Escolano
Adelardo,Elorza,1999-08-19,47313697Y,910652948,isaura79@hotmail.com,Via Bonifacio Estévez
Antonia,Rincón,1996-03-20,34705458E,983228907,srios@agustin-salazar.com,Urbanización de Humberto Puerta
Nazario,Ponce,1994-01-22,97450044X,951484848,teresita52@pereira-garay.com,Cañada de Lázaro Llano
Débora,Alegre,1993-12-03,35681244X,774662318,cguillen@borja.com,Pasadizo de Lucho Bermúdez
Odalys,Peiró,1999-05-03,58752150F,753258178,hoyosluisa@yahoo.com,Plaza de Yolanda Carvajal
Tomás,Oliveras,1993-10-25,01917505H,783388993,ealegria@rojas.es,Cañada de Oriana Calderón
Miguel,Bertrán,2000-02-03,25599455H,746369002,fuentesolegario@yahoo.com,Acceso de Chita Linares
Martina,Sanjuan,2008-08-15,24399660H,939015925,domingaosuna@otero-sainz.es,Vial de Manolo Peinado
Raimundo,Pedro,2002-02-28,86393674Q,627804486,rene13@hotmail.com,Urbanización de Mayte Carreras
Martina,Blazquez,2007-03-26,20974903F,728142442,spinto@yahoo.com,Pasadizo de Merche Abascal
Santos,Mayo,2021-09-11,46380527S,712081574,icardenas@gmail.com,Calle Pacífica Pacheco
María Luisa,Mulet,2005-06-02,58100932B,731760036,geronimo38@andrade-ricart.es,Camino Carolina Rocha
Néstor,Duarte,2011-03-15,74640369X,631016110,alejandracalatayud@hotmail.com,Avenida Elisabet Puga
Chus,Roman,2017-04-27,00680967Y,920072393,amarolanda@jordan.es,Cañada de Calisto Alegre
Ágata,Tormo,2022-08-17,36298345K,886811287,amandocozar@gmail.com,Plaza de Eric Cepeda
Elpidio,Dalmau,2023-03-21,92446798T,910026618,amado99@yahoo.com,Via Miguel Ibañez
Florencio,Prada,2006-05-26,34909924H,616778699,felipa51@gmail.com,Acceso de Atilio Alba
Aurora,Viñas,1993-12-19,78995349D,910794520,cecheverria@hotmail.com,Cuesta de Débora Ferreras
Micaela,Melero,2012-12-26,30457061R,713953720,garzonhermenegildo@yahoo.com,Calle Eliseo Abascal
Luna,Molins,2021-11-12,10785147X,631343025,palmersol@yahoo.com,Cañada María Belén Ribas
Bienvenida,Vall,2021-08-31,67439170L,716264624,tmorante@hotmail.com,Camino Asunción Ureña
Artemio,Jaén,2021-11-06,16630629L,698500542,etelvina11@cabanillas.es,Cañada de Raúl Baquero
Jacinto,Oliveras,2015-12-12,67243447A,619432598,ymas@yahoo.com,Acceso de Modesta Manrique
Fortunata,Río,2020-10-24,64985600C,814748064,armidasolis@alfaro.es,Calle Zacarías Bernad
Custodia,Aragonés,2006-12-26,97440038D,872278449,jose-francisco00@hotmail.com,Camino de Nicanor Planas
Elena,Jove,2013-08-09,06017171A,621956653,bpeinado@gmail.com,Via Pelayo Sanchez
Etelvina,Vega,1999-12-18,53168106H,666868870,miroemigdio@yahoo.com,Paseo de Nidia Gimenez
Tamara,Vega,1999-12-27,71615409X,624804938,arrietanicodemo@yahoo.com,Plaza de Catalina Alcántara
Ángela,Roura,2005-04-20,61062483J,621603923,pvilaplana@gmail.com,Pasadizo de Jafet Baños
Isidoro,Morales,2002-04-18,02760569V,780318617,dandrade@gmail.com,Glorieta Zacarías Palacio
Roldán,Clavero,2016-12-01,39370426S,649751703,manriquezoraida@hotmail.com,Cuesta Sol Camacho
Miriam,Taboada,2000-07-16,82066480L,965282535,lopellado@yahoo.com,Vial de Irma Arrieta
Adelina,Ruiz,2021-05-26,68225006Z,709331194,abigail70@pinol.net,Rambla de Merche Arana
Albano,Armas,2009-06-02,08573632Z,751457679,vallslazaro@sainz.com,Pasaje de Edmundo Gallardo
Florencia,Morata,2019-02-14,81655266E,958299423,isaachoz@mendez.es,Via Adriana Calvet
Cirino,Soria,2018-02-28,74172457X,739701243,ferrerana@gmail.com,Paseo de Telmo Cortés
Gabriel,Gonzalez,2005-12-19,94537012C,888187198,ygonzalez@agustin.es,Urbanización Nicolasa Camino
Carmelita,Gibert,2007-08-10,24096215N,656897294,carmenreal@hotmail.com,Pasadizo de Isabel Soler
Mireia,Garcia,2001-04-02,05075988A,657347618,josepgil@yahoo.com,Acceso Alfonso Grande
Emilio,Casanova,2022-05-10,29734940B,958598848,vluz@hotmail.com,Alameda de Efraín Alemán
Ignacio,Agullo,2008-04-28,90160219N,808915454,varamburu@yahoo.com,Cañada de Isabel Aragonés
Miguel Ángel,Solana,2005-06-21,66254976A,754080001,grauchema@segovia.net,Callejón Iker Vendrell
Coral,Peláez,2012-09-15,41612833Z,871302764,fmartinez@hotmail.com,Glorieta de Lola Pavón
María Manuela,Pellicer,1995-03-14,18019581R,775564013,storrijos@noriega.es,Glorieta de Patricia Gomila
Aníbal,Palau,2006-09-15,66943123J,610480428,norbertovazquez@gmail.com,Paseo Nereida Abad
Apolonia,Bernal,1993-10-02,42190183H,714018773,ltejada@sainz.com,Camino Ofelia Calvo
Rosario,Bermejo,1995-02-24,25751728P,923240871,uaguila@gmail.com,Callejón de Claudia Oliveras
Paula,Valbuena,1995-03-23,28003341J,821370787,cruz45@parejo.es,Pasadizo Adelardo Leiva
Hilda,Dueñas,1999-09-02,71746668P,971267595,tapiamar@rincon-palomino.es,Alameda Isa Velasco
Fito,Palomares,2016-04-24,14460317X,737998886,gonzaloaller@osuna.es,Via de Olimpia Diego
Baldomero,Ariño,1994-03-30,73350613W,767531385,orianaamores@millan-somoza.net,Glorieta Édgar Aguirre
José Mari,Yuste,1997-09-14,55596205F,660250119,soraya60@jaen.es,Urbanización de Juanito Barriga
Florentina,Sans,2014-06-24,67694726E,690827030,rmaestre@talavera-anaya.es,Avenida Almudena Bravo
Jose Francisco,Hervás,2018-01-06,85623398X,690837702,luqueleon@ruiz-fabregas.es,Cañada de Olivia Cuevas
Mireia,Giralt,2017-02-01,00562036P,602797217,maria-angeles55@gmail.com,Ronda de Edu Luz
José María,Santamaría,2011-09-21,99093735Y,803890986,rsevilla@yahoo.com,Ronda Ileana Bueno
Juan,Diez,2015-08-19,59127980V,903740332,andres-felipemoles@pellicer.es,Cuesta Pánfilo Sevillano
Domingo,Álvaro,2010-07-07,09271277T,939012233,rocaadelina@pacheco-llamas.com,Acceso de Teodosio Carballo
